user,address,percentage
support@example.com,112XtDUTmai6TzmcSxMXPMGSxYZVjgaZRqFhVi28jUdjMmNXvCnP,100
support@example.com,11xmG5vn1vZ5SnjfNC7wBELuRQyX7gqGGVyJ4zSSMjivbUmTPD1,100
support@example.com,112n1yuWbVoYPw1Fs2zej79LMhfcGYBJbRAXZFmedQpbVPsmZKNt,100
support@example.com,112d7NvdD9Kagox6A4zcyzop28z2eaGBbzXzsUC2schw77LBG1Q,100
support@example.com,11WkELzULijf4h8TrBcQVm3WAQyffUBsUUGLNj5h61F3dWXxhVn,100
support@example.com,112b2xh4woeBVYuoAdfSQED9SBaHnZAnrmfSPb82LuTMfB8kn2XR,100
support@example.com,11sjH3fCSsLcgoVqDAcgExZeCVxjz4fcppRKxv5SM4TEd8sjP9t,100
support@example.com,1126AS4g3eF6KgdQ4LXTaCKCXUc4iJPhWE9KxbpypoUf1p9zt2h4,100
support@example.com,11cTAiKQdJUoH5oENMMfoDTAw7KQqWtSV3qoCYp6cuAL5svuyAG,100
support@example.com,11cVQRirXyxNcZSNePUuqzRimpHfimYwHDodY8PVvwGPPKGn4sj,100
support@example.com,11cEegUok5Hw31J55aYcKN3sRQ43YtkexUST3PwN5nh3tYiH9CY,100
support@example.com,111UYPL89MFZpnuMYsJ7LvqEntvJzSVkgZfk7P8MjSCBdk4gSQ,100
support@example.com,11VkrPqFHV6xbij1gNSngJVCpxWWRiPnVMT2zRZzhkggMTcwHPT,100
support@example.com,11Fc7YxEfjZK4932aKfX2M5wCxNLNtgt5h688fUZC1QJk3kdtky,100
support@example.com,112aHNxmZ1wFD5gjeuEL8CJYR5GM5XHtfpq6rrqtqfCTrXxfziqG,100
support@example.com,1199dBdkxuA13MLTwy4YahTXk4dgG9Rogx2FG67QwiKUXpp792L,100
support@example.com,1128eo7ihv5i2Y3SRFtBNCy9VQJ3by6RQfaS87mqr6okfgJU5Xg4,100
support@example.com,11B1pVzTKjSmMLTGjgiE14bVU5XGT2a48Uonbx1ym2ppTVq2LaA,100
support@example.com,11K3Z6kRCNQZLtE3sqFdAX58DTGpXnvrKnsuvGqQQQ1dx37n8QM,100
support@example.com,11apvgq8GDaP7rUGEYwPp7MDLsm8NqNqYtkRFPuFEvmFMTo3w2r,100
support@example.com,11MsM4udQxmgbKLmencHE1ccSxWYTZEa5Kyer2GLfHGM4DgJAKv,100
support@example.com,112dZoc16vJe2otNnVS5zFoNCYw1BaT4Nauu8EW56mfRG6eUZzhT,100
support@example.com,11DxsZNLK29weaPDXUoij9GYrJP51En6CNkAwLkXp1S65tJ64b6,100
support@example.com,115wfY2tUN1UxU7QZYX6EEvYmiZU9RTp4KjnnNEeoCYt7mpBfLv,100
support@example.com,112jKYAhkhs165ynuvmEVzHQCYTbQxACvbNkzreegGrqbpkfkNTH,100
support@example.com,112B95TV3XhWAYwnpeYX2gDuT915V7F8esAtnGv6Z1PAVAqm6wbD,100
support@example.com,11xfNogk9STAKdUtQnXNFehYzyfLbcDzDQohqXs7Kmukrxr8Jg4,100
support@example.com,11WNaqTDwB8PekxmqoT3v1nCZx714im8T1pYc8q7tbFnEFWHvqx,100
support@example.com,11inyDJ74ZmAbbXhWbLjhZ6Wh2SYA1bzWiZGHPEU9dSxKbAimbL,100
support@example.com,112dp7deqtafeFrW8todgNWk5Woaw6fVCoGuR1tp39BPppp5HP4h,100
support@example.com,11Mtd7EX3thCev4d9Tmmf4bekSJwBBVMc4cr7A32nZA6cxBzb4s,100
support@example.com,112Eny8roqMKPx2p1PZjirw7PFEw4J8tefga5AT4n8W7Bbn9WJaF,100
support@example.com,11kCrMbrmKThV9dnaxUUi9aoAc39pDzWoZgwPaMVXYctAa7eA2M,100
support@example.com,112M4DXLgTfjPeBvMXsuTBPGevva2VoTtNNScAxcCr8deaL7pwpe,100
support@example.com,112QQ5XTgEnJkiNxFe1RfJDAWConHAoiN7PHCCcumTSY4TxiFFFB,100
support@example.com,112de7XMYcBR391AiUUdEU3m16UGxBr415UVDuKDnrVzEkQPG4Ks,100
support@example.com,11m2rqE2CTDkNggkgXxthye2d3BxqqcpyvABSharVjVNp61FwMN,100
support@example.com,11tAK5pFGYKkphZopqqkFmFPskkWXe68ftqJFR8tqYtrHfjrg2E,100
support@example.com,112Fy7BtT7d266NQoyi41okxe8Y8CfPph1JKNnZFwYaL7rkFQ82U,100
support@example.com,112QHQCQExzLJX8EUdqqnYQomaFvv9WWhcjYZr8CzGbyh5GPYK48,100
support@example.com,11kR9bNd2CdLNXt7C3WdvWAiCtfX9oWKekgmMU81Kb7m69pnYZG,100
support@example.com,1124wrwzcav3Hp8hWusQqn58eQD7n1w7GTSqFstZsGtUjfBUtGSm,100
support@example.com,11NQBr4GChkTKWHdue3Ko6gL3QdG1fTk9wesnUVxbTUt32Q5GMc,100
support@example.com,112Qd2VP8VC3fbuqiRQALVFXd8Rcy9Xsttj7pidgiM4kQC6wXWhb,100
support@example.com,11p5gKsFypH2pbwyERnEsv9fuydog6bYeJFwDM3HHy9GUvByjpD,100
support@example.com,112pDsd7kT7aGv9N92QVxnS8WK7NWQitMsk4MUGBPD7XEixKTg4A,100
support@example.com,11kZbz6JhTeBujrG5e2XGUJdW5Xkd9Y7mp6ANS17GoXKxmYj8qG,100
support@example.com,11Cy4TgH9oKEoBP5o7jmTapptdeht83wmtpDhM9h7VtuTHLMkRi,100
support@example.com,112t47Q5q7sDD8TJnHVXnZcoKUQsDjD3nyR6jLbpX1sxJzRmDkL1,100
support@example.com,112iVTXqf1ds5QihEZdeUzF8qptfkXwRYRojnjEQboyLxQeJQydK,100
support@example.com,11eMSUccA5HBMKPT6g2ecGQiSNiN9svXt5oJC38KWQ5KHohrfmj,100
support@example.com,11LBnfS2bzGGmQWG8yXqejqYmzmhBEdMWYbB5pLujYm2J6Sp17t,100
support@example.com,112ecTJUucmkUx4QuRxxgZPGNGBLFC61M2BRr4xPV9AYpQm1Puis,100
support@example.com,114TLQfPLmiK39TvycHGJgkwWHM58rHK4jP7FLEoZMpNGtQezs9,100
support@example.com,112Y1C2BF3gHc5XAxGhYUeg5UrTbwFPpiVEyABGtQCqhFdZ7yniQ,100
support@example.com,11o9euEammPXqDkvo9ArZ1G5JSnVoDPaZiuTrziSiGsUrcszzCK,100
support@example.com,112cRABQPiUxjsZwaPP96DBjgCvGeswd3a34mdbuyRsBSGGux6xQ,100
support@example.com,11ZrvJVxePY3EwbnjMMEqfH5bzhZhf35wCYypCS33mGPpmJsFKw,100
support@example.com,112W6tHD23VDncmWZ2A9TfH4uZudLAqeprAmHBd77E7PuiYGqQ8g,100
support@example.com,11VQgPEaG4MHDanawYiYVJJ7qvMsyf4ukCmvBWsYh9Gtrt1Nq9F,100
support@example.com,11R9VgjaW8tcgMLnvBbNPwFBJdXjy8FM5HUHRCPv4n4UDTyXZbt,100
support@example.com,11FTpq6Qag1xQk8be4CoupxsdvkpvwexExYBBZviPgFrSGt1U17,100
support@example.com,11ciXSfUnMUam4dZ4hFuvcidbq5wjRfkTy9sagP3KqHnZshamhz,100
support@example.com,11hPr6NiqY4ZvfTfPTdMTbvGBEZzgMgj5HogrqnvVM4VbdmyXqN,100
support@example.com,112oL3shQ92sNJ51kZFhTYn2HcPJWGxHGHs9vGH9G6VaSUY7W44v,100
support@example.com,11dnEgsR8iw72g8h18kLoTFn8ryhzHeCh9M1yAYS2BhxTHRnxpt,100
support@example.com,1127pqnoY3X7T3j53cF52WBcccLcCWo8miHAFTx4f9XRzrpSwSJe,100
support@example.com,11VW36Ug9sAP8gWnq68xKU6LdMMnFPKChkRHQ7RuZQwsRE9MwAW,100
support@example.com,11wLNrJaR5Faep5VoQ6JBpLNNqSGJPmig94NM29r7wtEr6CBCRb,100
support@example.com,11oPZHMo8FwZ5GH8EdVGuF3XtokjyGMp7JndcAXh2vhNwSzVXsb,100
support@example.com,11XA3BQmcjaTrS44tnhFC516dwATxdDCwTyYV54Hu1dzXp2jK7o,100
support@example.com,11vALdykCnLURpfWPjY9R2fpiVRbicewMSTKbusrgzwtynp9wdv,100
support@example.com,112SgLknf89nbwrS3gUHgQCohinhafyfJmeXehaYqaAvgRpBLETk,100
support@example.com,112XHKpEAtBPNRmdggK6opJ79YUQPuygvP157NBYjKhmMhiYg5CC,100
support@example.com,112ouPvaLC9qMgYzpyyobSCWEh2WQY1XafsU4xEom8TMjtn1dZZ3,100
support@example.com,112uevKVqmbQkxgfNACJCyjpeJQsKACYWdJcGyzf8tpSbTw9MyE4,100
support@example.com,112cS6L8jDvUXdhmFdesY4qUm8udCnudXSybbvrypWQLWU86RRQK,100
support@example.com,112GPHHeN1BS1eS3npzrQWs5Di39nH1WtvNGXuDNvgFR3D2xxMbh,100
support@example.com,112H13wsW3VLg3Gk35q2AKX7ffk1tXsjhwE7xtsgoafEEyEVNUzn,100
support@example.com,1126n23qjcFxYCpofTYxc4nhfESeDoHWfi4hRQSrraaW4NEv9xat,100
support@example.com,118RHhZBCSqYVgr2Fzn65SNXXKkpFdERk7NPjKhBYLWpkcthFj7,100
support@example.com,112Lg3Er976ButZbpheLMaCBpDVVyLk5bdF7x73DE8Y87MZbXgRP,100
support@example.com,1125SVhGDRrJV814zDPJXMqs1t1KK3z9QsUiNX2LvsLXDU832iLV,100
support@example.com,112qZJyoJfUuK3Rup8eUFthQyDWCr89DvvuzsfSHq5BW7FJdyvsa,100
support@example.com,112fdFxm3GgaKsXda76PTA6LBz2fBeQxdqqBbPBrEvsadT411Vqm,100
support@example.com,112VLxhw8T4W711Z4CSv9cfr6SD36vNG9tFPZ2smCd2uawRcRJzT,100
support@example.com,112Qt872z54s5nC4GWp18Y9mE6KdoHNQSoT5akcU5J4G9ijJGNun,100
support@example.com,112tcEwmvwak6AX8ra4g9fpSFcnwAGAK74FhcTLpG5sFs4d4qEiM,100
support@example.com,11AeNNG5HvXSBgtRMxyD4SVY3nJFvX19TR5tUjqETu9WMnx8fj9,100
support@example.com,112Dry8iaAhzYp8E12cFhdpcC68pQxZrXbypNbDRJNwC1cWijxvy,100
support@example.com,112XSo5PH7KFnpGvKP2pMRFj7zrBbi5DeQGzi7mwzhGSe2AbDDE1,100
support@example.com,112Mo1ZS2sXsCg88i2CK8HBXY4BYEGPGyVABQgjLBh7q9CGm37SL,100
support@example.com,112eMw6yYqJPQ3CmDzt4PfV2phLHiMGgCMs6M4stVHCMVL7TvnFf,100
support@example.com,112SQ2k8duKAxAjxpm3xnSHG6EP9mBN9HSggznAYEC22BrB6R686,100
support@example.com,11CgGyG5xF2gjGdmyUPAtViYzwmVypk9Dd1iUs9EDVizs55JkeU,100
support@example.com,11NH5ejJGxHoSFpwmZNzoA5QQRKKLrCodD8FPcwABNHrWfYK2AZ,100
support@example.com,11TtCk6fMj2ksBUUWRKmDmMmUA54Co649hJhzQ5Upu55zbo2Jyn,100
support@example.com,112YhZYwHjzzZm8WuuQHpDX8o7PY4uLtt8zTj6gk2mKQiqycBs5Z,100
support@example.com,11rmWsQGme47iU3HVYxUgdXqhSCm7eT8Hs8koycRmKmLnUjC6w9,100
support@example.com,112QQ2DgAQhLhMbKCYs1e7jBxVt28WrLsdDtvWwbhhJQjP1KUBkE,100
support@example.com,112Lft3NpZAvcDXoaVcJVx9EiYUFkpXjWxpgzeKmsUo1vq1Y7wkQ,100
support@example.com,11AUY11hWyZJYVArmtToj4iHkbZRt5B7o9Ni4smKpGTYy5sGnEc,100
support@example.com,11Bn2mgWQv1PedMgH9VgcH74MVPXNc9D5YbQgQdVW5wuEziJKrJ,100
support@example.com,112PTPrcXpa9WzAvV4Nv1UXsNEVL8sk84gx5VHXsv8DZoiCpxAwx,100
support@example.com,112rD4TDDradsi3TCN7THE2Tp1omz8D5QBBBKanniiKmkjoqLGqc,100
support@example.com,11shJakgFEdjBrcH2SqVP7K5t9uTvsonku6rvg8VxrMDNjYvDG9,100
support@example.com,11595siRMD49epegu7PmGMRxQToVgnGd2jBz5oSpULrBrDYsAAK,100
support@example.com,112KbHNqYQHKrh33tA5Sc3LCUhfjLM5TqnospnyVhsLwLTaF9SBL,100
support@example.com,112SP8ZfXbCCbJwFimwv26T1cxUJjqgnd2pUqCwiHLdytKpW4MVT,100
support@example.com,112LHtT8JmCC9VeDBU6rQPPE3a9rvarsW2KnqzoJHekyAr88Q25U,100
support@example.com,11txzKHaTWedqKBMvrEkft9AT9uxtUzWKPSELYSSpfX8DEh9Ya3,100
support@example.com,11xpnvtbE2iQ54CaG2SyNbsaJQREnLUgbkURDzRH4F8beLHfJxM,100
support@example.com,112NjyXzTGUvVgmKbdXa7U51e9L5yiUnJWYyAdcGEDjbALMhcTG9,100
support@example.com,112QVRU7XdCSzF4zcf8B44JgpcqYWVBG6RER6LpEfTBnrgGarp26,100
support@example.com,112q1uDkhLHfJh3xfuX8ddn8czSjPkozCGDn8WeotrXnnS84z5ic,100
support@example.com,112NLQWHjNtQWC2MrVzoC6CvKywU1L54opxDJeXtJdqrtL4hPknB,100
support@example.com,112VxXF84Niw73ooiAbirJacXMT7pR734hZfgTHYNXnbStj9tgxh,100
support@example.com,11mccfBRc7BBVwszhcxwvhxT2bfFC6LnRnYibEMh1Yj3P1anzE8,100
support@example.com,1124fFW9dXPkX76L6L2HbDvHZCBqNnMPR3Eu2TWknjv89a7CbT3J,100
support@example.com,11PLb2Z9cZLSMRnrSjpUBut5VYvcEiZzHQjxCARZBCBsQS8RXnS,100
support@example.com,112udcxLFaAUPhvjFoyYBQgrnQtL7PrDsCuCyx2CCng74ynqa1Km,100
support@example.com,116oyP7gc4nQGFWUFaYcZVuUzAeX2C5JD3r9u42z2AgPKZGutBR,100
support@example.com,11mpqu8hvp8EfdBrTG9EqdnbXtw6PyN1S5AZDgHTAXwbxDyjZEi,100
support@example.com,11PkU45iNrmnRz9jaiimPSoKMCjiEAS2NvD2UbXdwHKfdREintv,100
support@example.com,11KH5GfGEeci1mDDh8quzjkfphmSLWGt37sVyf9cm46Ekk8FysE,100
support@example.com,11HzfVfGRmG6se4Hzr5ES3mzyxSqmaVW49askQwHYm2bPRU65WP,100
support@example.com,112MUZRdeBzYk5sRYDerrWnZC2duLqNubUNeHaPwTScpCZ3SiWKP,100
support@example.com,112uZun5tWDS4xLQ5aaHfrWfgom9HheyjjHbyjxLC4ecuZyTsfw2,100
support@example.com,113utBqtr43jhCjKrDhF8hzRwb8NDvKsLFn3u5xhRa8QmRFxqdt,100
support@example.com,11TiUxSvb8z7mRexJANE4anbnxQJTEVycWQ324jkzCDSs3PaekJ,100
support@example.com,112s1h2VaFgLHxnLPCXihRFH8ZXzaT5f5NGymVwkxAxDBSKEtFvb,100
support@example.com,112kq8qf3VZ23UFNRTYXTqzHJDocQ8DfTCisVZ8LAaXaNYobW8bE,100
support@example.com,112dWTXntH514TJBjYw57MBUdzWBjwhmSoNF16GLv7Me28EsSicd,100
support@example.com,11LHnR7Fkk1HMnxsoa6E6eaFyHTXfkXhGSbqZK21nrBLbVG66Cm,100
support@example.com,114kmwQDA6CGaKfjeZu8ihqAevDNikMcdKprzWC4r7tZigE1Koi,100
support@example.com,11XsuNMWjXDBkNtuA1kVyNHpKhH1dejXhLt2Byk3qBsGiMittej,100
support@example.com,112X324dFdFUSpXUeduZcgHEiK11XEzTFkDyYbAcWtVsU1FACoDB,100
support@example.com,11GRSLky7oeQHfdxVDgdJKTevjRwTu8tBmew3yGLqRLFXrCk47N,100
support@example.com,1123YwYkcLLfDbVipnKGN6XsYDGiux8WBxzqtz8YBPUzKfvbHfbo,100
support@example.com,118VKnuLMditbHMn3ALZKzcKFpqWUujuC8L1cdrM6NzTtGAMM44,100
support@example.com,11v22t2xX5qgbaVCkzA9UHeXJckYEjmWh7X9jX7dp3UgAWX4mW8,100
support@example.com,112Dd6Qux6cNoUvmUE48erHeMzQypgXsikwegKjLqpMgXXNNuhPT,100
support@example.com,112f8CDZr4CfGPMCHzFrZAD1VGZ8hjbxCBzyAMHoB5ZjKkKpywMs,100
support@example.com,112w78o2VU75w9VVd8NE2wa7AmEbwBuARhRXLCaDGmxVTbHGrUxt,100
support@example.com,112GuMbNZ5nt3BrabvsHqDQ3STEDiizrabDuwqF6R5Za77KzXvBW,100
support@example.com,11H7jvFxGB527Njj3FVJ8tGfA3FANQswkFKnTvxpsXT6iTiYsp8,100
support@example.com,117BTHdYF87XjVSfnDWDXiiN7xv3PoRd6p3GKvnB5yyDUHotBMi,100
support@example.com,112QozNuAud9BGC5G1Vw3DXqUmZHVZE8arytBjFWDy12SjRWacdx,100
support@example.com,112sSvUAVWvtSSyp4pNL6qFQMMi8h6LoPdweMySbUtzcqZem6rcb,100
support@example.com,112fp3LqbgcYKTr87hhMB4UNwkgn8GUSJgmJYoWVTYDgmHv4qh35,100
support@example.com,112BWEyyUkbB4KgXi2Hm2UG7BgsYF4fA2FfBwd7UgWcdYT3hM1W3,100
support@example.com,1124pgpo9BiLBFUnJ1vwUK8461okvZ5YPXUuTCxdgfjQqwzjoCZ5,100
support@example.com,11XATbiAHcX5D4FHeD8gMMoLpKcQMsB1efb6DP4Mg3vQmXP8jdE,100
support@example.com,112HkwnKiAQZVw9yEFGNVvywad4cbii6No83ZU4QKDVRnxcN2ekb,100
support@example.com,112hgJ9mGd7ajwsXbAjAJMXjgJA9f6eah6UY4Qo6ykHNZX59RiX8,100
support@example.com,11NQp26UbmkRvy6TfSQ1okRLg7siAFA4xZXnhefx1Te2BtTLP2P,100
support@example.com,112Z4QRo6GB691tYAeNXyE7WeQUCmff3FeArb2uyb3HQ6hjfDrGA,100
support@example.com,11KcJQjFBkXTemnDUiNbXfqoSvKt2RKrLbc6TUmFWzd3xF8uGLz,100
support@example.com,11qCnKd1oPkbEhzdjfPYJVqLBgPywXEGFck7LFCNc8kd9AExJoj,100
support@example.com,112UVTZXEAx13zDscDkfYiTq5xfvrYt16NddDkAwfMarEjCWJjqo,100
support@example.com,112cXLs7UzjLaebvB9hdW5znegg85PHsXLq5c4FeWJHQGzL616bz,100
support@example.com,11HHmkzemDnuMhsj6g78iLGcpkYArS9h1xYk5oAfykmk7vtTjgb,100
support@example.com,112NwdYk4cerRX7gA8MFa7rgQujdXvabaz6rFu7nfZdJ3Q5m8dry,100
support@example.com,11JQqY9RbGB8VKkwjQdGpenpyqAj7teexFKVZXREpPTm5XYLZ6D,100
support@example.com,11e8CjUVVacuu54R2BkhTqnV9FJai6jGtopiTsTZBhGT13tihsv,100
support@example.com,112r2jAAedU9wq8Eqi3h5TwttBWtMhtAjPtfvncfyKLLeu6vJoYT,100
support@example.com,11A4a9UMe1AV1GFFtDSUHd6bYBJPJykLBc8mAfi56fbc3s1BWWR,100
support@example.com,11KAB4Pz6Hkf1H8249FndPCJL96mKMTttFpVc7HUySGKsbN1aGX,100
support@example.com,112gvBEgexf6ZNZhfeWkKtCsVvqYZ6phNsDErCj6auhVsbQwJxfR,100
support@example.com,112NwGKDq92ECk8yArekQAjjW9W59ShBaaekBJkAtVSijBrhkcah,100
support@example.com,112XrKrYXULDKkSj8Zz6FGHad2otUSAxxfkWKQm6PQnA4sCs1mFn,100
support@example.com,11axzpvC69n8bgZq5xTaJGf6BU6i1VFCYBuZo6GbbeVi2toUHSD,100
support@example.com,119uaYDCT7wjSorcht46eW8YmaBJNZWrhvhtuCRVBiLoksdvqvy,100
support@example.com,112rhQ8vuKHvuh7tadt5HLNkUJqTK49ag9jppcRaNizxkAttoedc,100
support@example.com,1173HqbevSdUUQgVaZiVBKdK4KfgQZaZBhKsQbme6p9GUcy8Xeh,100
support@example.com,112SKMgkNA8S6LQg8VUdFeD6GnZp51aB5XqGY64MQaBTJCQRDLRL,100
support@example.com,112fwHcg34wVxJP1uu1GVsLc19W3fqCyRbPJdGeReVBSSgxz4YRP,100
support@example.com,11xTuv8hv9SQiK341eZVBPbuKQ8YkXYaTPCTLSQS64PYrnVJmkX,100
support@example.com,11QJknHS5AxXNjUYGVBcr5vueKyiTqVD3T54B6BYXv2WiAfkVTJ,100
support@example.com,11zLVhVVZ4xPXmPQyX3EBz3TUTegZha3SVFiqzoWZZYNofWM9Df,100
support@example.com,112u4GitZ3dfvCyBvJm3tY53kHRXZc8uzRBapya883igPj52Rvri,100
support@example.com,112vtqyyCUYYC4nPWqE93WGBw6FLtHvodLYkSy4VQhccwSWPQxjo,100
support@example.com,112PXCM63FRQgXSb4jAQvEirVyTz3TyHVCqPNhRQ1Kefsea8pKSC,100
support@example.com,112HoewLVwb4PuVGo8ry7eLqd5K9zWzQJdtKS5hkWPFv2VnX1w8A,100
support@example.com,1125Dz4rmqU4efCBD2JV9fictDNyaHXkn5uQAt2vAJDAaqtUaxd5,100
support@example.com,119ZUE8wRLJSmabA3ufkHJ35oQvTk3ZsaBqsakPUxqGP1nY2Uup,100
support@example.com,112Fk32cXu7CmZmLh8LgQNeufqAgVmSPFjieyiZBn1Knm1KAr9ot,100
support@example.com,11kpbtxPtGGB8eL36ZpEosH9QefugEzkqdEjF4DA84ireyHovAo,100
support@example.com,112RFJhssAKvny3YfqPZYTEfNdTUmv2TWBNMELhtSUmEQaVrffj7,100
support@example.com,11dXdpjbSUwDVuHiSFx6RBvtJQFDX1jGzGzYt9ojmWRxPYRrhny,100
support@example.com,112r5YPZmgCv5hRwdUMVjneu1wEFACD2yVs231dAd3e4ZRKiFhjQ,100
support@example.com,112iD8RAy4SDWphSJEPZyorXVHgbZkaBvhFYw6QCj8NKoX2NbpTr,100
support@example.com,11f1dqvRQXuCpei79smuKyqLW2YTYnAZQ4A5GX2hnhb8n6BQ2bf,100
support@example.com,112hnTbTQuuQXx31rP9iPuwQRSVKdMH6YsUWrMzXrvfJdqrK9SwC,100
support@example.com,112Vxr9b61fNN1RdZ1J71NB3Bv6V77EqRCc5d9RXVr8DMVY7Dvvy,100
support@example.com,112aeJHjixKdmE2vCt1h5WfpPbKF7ZM7egwi5vSuJV6sT66UKpPD,100